{
    "splits": [
        0,
        1,
        2,
        3,
        4
    ],
    "test_metrics": {
        "top1_acc": 0.45931160000000004,
        "top1_recall": 0.17751172179035213,
        "top1_f1": 0.39911632790942464,
        "maj_acc": 0.0,
        "maj_recall": 0.0,
        "maj_f1": 0.0
    },
    "test_metrics_std": {
        "top1_acc": 0.0013921245059261042,
        "top1_recall": 0.0015730504513505807,
        "top1_f1": 0.001490146253130281,
        "maj_acc": 0.0,
        "maj_recall": 0.0,
        "maj_f1": 0.0
    }
}