{
    "splits": [
        0,
        1,
        2,
        3,
        4
    ],
    "test_metrics": {
        "top1_acc": 0.39619259999999995,
        "top1_recall": 0.12593619991454325,
        "top1_f1": 0.3263487083254062,
        "maj_acc": 0.0,
        "maj_recall": 0.0,
        "maj_f1": 0.0
    },
    "test_metrics_std": {
        "top1_acc": 0.002210919681942335,
        "top1_recall": 0.0025854975806442657,
        "top1_f1": 0.001732165795318734,
        "maj_acc": 0.0,
        "maj_recall": 0.0,
        "maj_f1": 0.0
    }
}