{
    "splits": [
        0,
        1,
        2,
        3,
        4
    ],
    "test_metrics": {
        "top1_acc": 0.3634488,
        "top1_recall": 0.08125514435388981,
        "top1_f1": 0.28723922104553135,
        "maj_acc": 0.0,
        "maj_recall": 0.0,
        "maj_f1": 0.0
    },
    "test_metrics_std": {
        "top1_acc": 0.002314643506028513,
        "top1_recall": 0.0013812483337228567,
        "top1_f1": 0.0027216988403597478,
        "maj_acc": 0.0,
        "maj_recall": 0.0,
        "maj_f1": 0.0
    }
}