{
    "splits": [
        0,
        1,
        2,
        3,
        4
    ],
    "test_metrics": {
        "top1_acc": 0.6015164,
        "top1_recall": 0.36293569145395915,
        "top1_f1": 0.5796376229956576,
        "maj_acc": 0.0,
        "maj_recall": 0.0,
        "maj_f1": 0.0
    },
    "test_metrics_std": {
        "top1_acc": 0.0012337413991594774,
        "top1_recall": 0.0019003027337190098,
        "top1_f1": 0.001279226073760171,
        "maj_acc": 0.0,
        "maj_recall": 0.0,
        "maj_f1": 0.0
    }
}