{
    "splits": [
        0,
        1,
        2,
        3,
        4
    ],
    "test_metrics": {
        "top1_acc": 0.46133240000000003,
        "top1_recall": 0.19220428056224678,
        "top1_f1": 0.4090094659189235,
        "maj_acc": 0.0,
        "maj_recall": 0.0,
        "maj_f1": 0.0
    },
    "test_metrics_std": {
        "top1_acc": 0.0008068483376694746,
        "top1_recall": 0.001118993791749537,
        "top1_f1": 0.00044752390044263096,
        "maj_acc": 0.0,
        "maj_recall": 0.0,
        "maj_f1": 0.0
    }
}