{
    "splits": [
        0,
        1,
        2,
        3,
        4
    ],
    "test_metrics": {
        "top1_acc": 0.45535800000000004,
        "top1_recall": 0.1946895393842635,
        "top1_f1": 0.4099538702435958,
        "maj_acc": 0.0,
        "maj_recall": 0.0,
        "maj_f1": 0.0
    },
    "test_metrics_std": {
        "top1_acc": 0.001019941959132959,
        "top1_recall": 0.0010696398635793684,
        "top1_f1": 0.001117721786000387,
        "maj_acc": 0.0,
        "maj_recall": 0.0,
        "maj_f1": 0.0
    }
}