{
    "splits": [
        0,
        1,
        2,
        3,
        4
    ],
    "test_metrics": {
        "top1_acc": 0.45975580000000005,
        "top1_recall": 0.1998836249216725,
        "top1_f1": 0.41389937761317797,
        "maj_acc": 0.0,
        "maj_recall": 0.0,
        "maj_f1": 0.0
    },
    "test_metrics_std": {
        "top1_acc": 0.0010139499790423638,
        "top1_recall": 0.0014461031688484186,
        "top1_f1": 0.0013780200336840022,
        "maj_acc": 0.0,
        "maj_recall": 0.0,
        "maj_f1": 0.0
    }
}