{
    "splits": [
        0,
        1,
        2,
        3,
        4
    ],
    "test_metrics": {
        "top1_acc": 0.4964008,
        "top1_recall": 0.26769297708711015,
        "top1_f1": 0.4614235013353752,
        "maj_acc": 0.0,
        "maj_recall": 0.0,
        "maj_f1": 0.0
    },
    "test_metrics_std": {
        "top1_acc": 0.0012344691814703223,
        "top1_recall": 0.001954344955619183,
        "top1_f1": 0.001336928640406474,
        "maj_acc": 0.0,
        "maj_recall": 0.0,
        "maj_f1": 0.0
    }
}