{
    "splits": [
        0,
        1,
        2,
        3,
        4
    ],
    "test_metrics": {
        "top1_acc": 0.472166,
        "top1_recall": 0.34931610606007746,
        "top1_f1": 0.45832048110766543,
        "maj_acc": 0.0,
        "maj_recall": 0.0,
        "maj_f1": 0.0
    },
    "test_metrics_std": {
        "top1_acc": 0.000625171656427266,
        "top1_recall": 0.0015972669424300534,
        "top1_f1": 0.0006250018015543722,
        "maj_acc": 0.0,
        "maj_recall": 0.0,
        "maj_f1": 0.0
    }
}