{
    "splits": [
        0,
        1,
        2,
        3,
        4
    ],
    "test_metrics": {
        "top1_acc": 0.19718,
        "top1_recall": 0.08216787308748766,
        "top1_f1": 0.1803401545316063,
        "maj_acc": 0.0,
        "maj_recall": 0.0,
        "maj_f1": 0.0
    },
    "test_metrics_std": {
        "top1_acc": 0.0024111670203451263,
        "top1_recall": 0.0012949083000412546,
        "top1_f1": 0.0005615043629508925,
        "maj_acc": 0.0,
        "maj_recall": 0.0,
        "maj_f1": 0.0
    }
}