{
    "splits": [
        0,
        1,
        2,
        3,
        4
    ],
    "test_metrics": {
        "top1_acc": 0.4683974,
        "top1_recall": 0.34536645560035334,
        "top1_f1": 0.4505220656062587,
        "maj_acc": 0.0,
        "maj_recall": 0.0,
        "maj_f1": 0.0
    },
    "test_metrics_std": {
        "top1_acc": 0.0011117986508356503,
        "top1_recall": 0.0020229032203214056,
        "top1_f1": 0.0009964319707639318,
        "maj_acc": 0.0,
        "maj_recall": 0.0,
        "maj_f1": 0.0
    }
}