{
    "splits": [
        0,
        1,
        2,
        3,
        4
    ],
    "test_metrics": {
        "top1_acc": 0.6277510000000001,
        "top1_recall": 0.48466571163796673,
        "top1_f1": 0.6205779850939467,
        "maj_acc": 0.0,
        "maj_recall": 0.0,
        "maj_f1": 0.0
    },
    "test_metrics_std": {
        "top1_acc": 0.001074373305699631,
        "top1_recall": 0.0015824295928974178,
        "top1_f1": 0.001114316773420237,
        "maj_acc": 0.0,
        "maj_recall": 0.0,
        "maj_f1": 0.0
    }
}