{
    "splits": [
        0,
        1,
        2,
        3,
        4
    ],
    "test_metrics": {
        "top1_acc": 0.47051040000000005,
        "top1_recall": 0.33258393403299846,
        "top1_f1": 0.46096497685118837,
        "maj_acc": 0.0,
        "maj_recall": 0.0,
        "maj_f1": 0.0
    },
    "test_metrics_std": {
        "top1_acc": 0.0010937072003054536,
        "top1_recall": 0.0027638087089123316,
        "top1_f1": 0.001268820465720673,
        "maj_acc": 0.0,
        "maj_recall": 0.0,
        "maj_f1": 0.0
    }
}