{
    "splits": [
        0,
        1,
        2,
        3,
        4
    ],
    "test_metrics": {
        "top1_acc": 0.46381180000000005,
        "top1_recall": 0.3105643789210697,
        "top1_f1": 0.4442556044034376,
        "maj_acc": 0.0,
        "maj_recall": 0.0,
        "maj_f1": 0.0
    },
    "test_metrics_std": {
        "top1_acc": 0.0008590193012965403,
        "top1_recall": 0.0006822379914677529,
        "top1_f1": 0.0009651710244806793,
        "maj_acc": 0.0,
        "maj_recall": 0.0,
        "maj_f1": 0.0
    }
}