{
    "splits": [
        0,
        1,
        2,
        3,
        4
    ],
    "test_metrics": {
        "top1_acc": 0.4581444,
        "top1_recall": 0.2410746095704018,
        "top1_f1": 0.4327714506049536,
        "maj_acc": 0.0,
        "maj_recall": 0.0,
        "maj_f1": 0.0
    },
    "test_metrics_std": {
        "top1_acc": 0.0023761833767619914,
        "top1_recall": 0.010130722414330313,
        "top1_f1": 0.003134500031618243,
        "maj_acc": 0.0,
        "maj_recall": 0.0,
        "maj_f1": 0.0
    }
}