{
    "splits": [
        0,
        1,
        2,
        3,
        4
    ],
    "test_metrics": {
        "top1_acc": 0.34418340000000003,
        "top1_recall": 0.23386059650756783,
        "top1_f1": 0.3286233944649617,
        "maj_acc": 0.0,
        "maj_recall": 0.0,
        "maj_f1": 0.0
    },
    "test_metrics_std": {
        "top1_acc": 0.011349073576288062,
        "top1_recall": 0.023224636248466126,
        "top1_f1": 0.013764913366906419,
        "maj_acc": 0.0,
        "maj_recall": 0.0,
        "maj_f1": 0.0
    }
}