{
    "splits": [
        0,
        1,
        2,
        3,
        4
    ],
    "test_metrics": {
        "top1_acc": 0.40642685851318944,
        "top1_recall": 0.2285241244432636,
        "top1_f1": 0.3425771960560198,
        "maj_acc": 0.0,
        "maj_recall": 0.0,
        "maj_f1": 0.0
    },
    "test_metrics_std": {
        "top1_acc": 0.008277238179301528,
        "top1_recall": 0.008235041434402119,
        "top1_f1": 0.009779128801673002,
        "maj_acc": 0.0,
        "maj_recall": 0.0,
        "maj_f1": 0.0
    }
}