{
    "splits": [
        0,
        1,
        2,
        3,
        4
    ],
    "test_metrics": {
        "top1_acc": 0.7495443645083932,
        "top1_recall": 0.580050869888576,
        "top1_f1": 0.6886440104731607,
        "maj_acc": 0.0,
        "maj_recall": 0.0,
        "maj_f1": 0.0
    },
    "test_metrics_std": {
        "top1_acc": 0.0031289220969400794,
        "top1_recall": 0.005858015313933448,
        "top1_f1": 0.005849245950476923,
        "maj_acc": 0.0,
        "maj_recall": 0.0,
        "maj_f1": 0.0
    }
}