{
    "splits": [
        0,
        1,
        2,
        3,
        4
    ],
    "test_metrics": {
        "top1_acc": 0.6291606714628297,
        "top1_recall": 0.5624535458237824,
        "top1_f1": 0.622667708240362,
        "maj_acc": 0.0,
        "maj_recall": 0.0,
        "maj_f1": 0.0
    },
    "test_metrics_std": {
        "top1_acc": 0.007741904565556266,
        "top1_recall": 0.009731207877952976,
        "top1_f1": 0.007743938065671322,
        "maj_acc": 0.0,
        "maj_recall": 0.0,
        "maj_f1": 0.0
    }
}