{
    "splits": [
        0,
        1,
        2,
        3,
        4
    ],
    "test_metrics": {
        "top1_acc": 0.574484412470024,
        "top1_recall": 0.4942163564294143,
        "top1_f1": 0.5628949284897506,
        "maj_acc": 0.0,
        "maj_recall": 0.0,
        "maj_f1": 0.0
    },
    "test_metrics_std": {
        "top1_acc": 0.015771721190121286,
        "top1_recall": 0.026736424706392693,
        "top1_f1": 0.017230036428231198,
        "maj_acc": 0.0,
        "maj_recall": 0.0,
        "maj_f1": 0.0
    }
}