{
    "splits": [
        0,
        1,
        2,
        3,
        4
    ],
    "test_metrics": {
        "top1_acc": 0.6966906474820144,
        "top1_recall": 0.6490899867114043,
        "top1_f1": 0.6937779314565551,
        "maj_acc": 0.0,
        "maj_recall": 0.0,
        "maj_f1": 0.0
    },
    "test_metrics_std": {
        "top1_acc": 0.011797391297211688,
        "top1_recall": 0.008388006064665342,
        "top1_f1": 0.011221667999505303,
        "maj_acc": 0.0,
        "maj_recall": 0.0,
        "maj_f1": 0.0
    }
}