{
    "splits": [
        0,
        1,
        2,
        3,
        4
    ],
    "test_metrics": {
        "top1_acc": 0.8529496402877698,
        "top1_recall": 0.7995785933037791,
        "top1_f1": 0.8494151615672869,
        "maj_acc": 0.0,
        "maj_recall": 0.0,
        "maj_f1": 0.0
    },
    "test_metrics_std": {
        "top1_acc": 0.004338871128210518,
        "top1_recall": 0.007630882326250515,
        "top1_f1": 0.0048637388341872916,
        "maj_acc": 0.0,
        "maj_recall": 0.0,
        "maj_f1": 0.0
    }
}