{
    "splits": [
        0,
        1,
        2,
        3,
        4
    ],
    "test_metrics": {
        "top1_acc": 0.8438369304556355,
        "top1_recall": 0.7892992358282197,
        "top1_f1": 0.8402720197707609,
        "maj_acc": 0.0,
        "maj_recall": 0.0,
        "maj_f1": 0.0
    },
    "test_metrics_std": {
        "top1_acc": 0.0031756250085845173,
        "top1_recall": 0.003912463210695714,
        "top1_f1": 0.0031307029796247515,
        "maj_acc": 0.0,
        "maj_recall": 0.0,
        "maj_f1": 0.0
    }
}