{
    "splits": [
        0,
        1,
        2,
        3,
        4
    ],
    "test_metrics": {
        "top1_acc": 0.4946762589928057,
        "top1_recall": 0.3621004461964421,
        "top1_f1": 0.4234568221853978,
        "maj_acc": 0.0,
        "maj_recall": 0.0,
        "maj_f1": 0.0
    },
    "test_metrics_std": {
        "top1_acc": 0.0060103406034802895,
        "top1_recall": 0.008174714665892585,
        "top1_f1": 0.007451935849099702,
        "maj_acc": 0.0,
        "maj_recall": 0.0,
        "maj_f1": 0.0
    }
}