{
    "splits": [
        0,
        1,
        2,
        3,
        4
    ],
    "test_metrics": {
        "top1_acc": 0.830503597122302,
        "top1_recall": 0.7615099863612975,
        "top1_f1": 0.8239086679268904,
        "maj_acc": 0.0,
        "maj_recall": 0.0,
        "maj_f1": 0.0
    },
    "test_metrics_std": {
        "top1_acc": 0.0048967861939952844,
        "top1_recall": 0.008904696553759512,
        "top1_f1": 0.005645947825113949,
        "maj_acc": 0.0,
        "maj_recall": 0.0,
        "maj_f1": 0.0
    }
}