{
    "splits": [
        0,
        1,
        2,
        3,
        4
    ],
    "test_metrics": {
        "top1_acc": 0.6040287769784172,
        "top1_recall": 0.5481712699096815,
        "top1_f1": 0.5993269491710895,
        "maj_acc": 0.0,
        "maj_recall": 0.0,
        "maj_f1": 0.0
    },
    "test_metrics_std": {
        "top1_acc": 0.005197589327249533,
        "top1_recall": 0.011187645949603255,
        "top1_f1": 0.005915635979786484,
        "maj_acc": 0.0,
        "maj_recall": 0.0,
        "maj_f1": 0.0
    }
}