{
    "splits": [
        0,
        1,
        2,
        3,
        4
    ],
    "test_metrics": {
        "top1_acc": 0.6001918465227818,
        "top1_recall": 0.4536636644574733,
        "top1_f1": 0.5875518162368818,
        "maj_acc": 0.0,
        "maj_recall": 0.0,
        "maj_f1": 0.0
    },
    "test_metrics_std": {
        "top1_acc": 0.006101503652293247,
        "top1_recall": 0.013341146585955654,
        "top1_f1": 0.0067664536792097045,
        "maj_acc": 0.0,
        "maj_recall": 0.0,
        "maj_f1": 0.0
    }
}