{
    "splits": [
        0,
        1,
        2,
        3,
        4
    ],
    "test_metrics": {
        "top1_acc": 0.6378896882494004,
        "top1_recall": 0.5136888086790161,
        "top1_f1": 0.6306663042114657,
        "maj_acc": 0.0,
        "maj_recall": 0.0,
        "maj_f1": 0.0
    },
    "test_metrics_std": {
        "top1_acc": 0.007210214090346727,
        "top1_recall": 0.01935042385527925,
        "top1_f1": 0.008112033276915852,
        "maj_acc": 0.0,
        "maj_recall": 0.0,
        "maj_f1": 0.0
    }
}