{
    "splits": [
        0,
        1,
        2,
        3,
        4
    ],
    "test_metrics": {
        "top1_acc": 0.6880575539568345,
        "top1_recall": 0.5732051282872993,
        "top1_f1": 0.681774923767273,
        "maj_acc": 0.0,
        "maj_recall": 0.0,
        "maj_f1": 0.0
    },
    "test_metrics_std": {
        "top1_acc": 0.009614363175693664,
        "top1_recall": 0.018808344557440373,
        "top1_f1": 0.00983896920827527,
        "maj_acc": 0.0,
        "maj_recall": 0.0,
        "maj_f1": 0.0
    }
}