{
    "splits": [
        0,
        1,
        2,
        3,
        4
    ],
    "test_metrics": {
        "top1_acc": 0.7963549160671464,
        "top1_recall": 0.7253957358270963,
        "top1_f1": 0.7897785907926449,
        "maj_acc": 0.0,
        "maj_recall": 0.0,
        "maj_f1": 0.0
    },
    "test_metrics_std": {
        "top1_acc": 0.01227517949010753,
        "top1_recall": 0.02404318839719842,
        "top1_f1": 0.015170570889104259,
        "maj_acc": 0.0,
        "maj_recall": 0.0,
        "maj_f1": 0.0
    }
}