{
    "splits": [
        0,
        1,
        2,
        3,
        4
    ],
    "test_metrics": {
        "top1_acc": 0.5876258992805756,
        "top1_recall": 0.46090794748405595,
        "top1_f1": 0.5777782585640928,
        "maj_acc": 0.0,
        "maj_recall": 0.0,
        "maj_f1": 0.0
    },
    "test_metrics_std": {
        "top1_acc": 0.007993349316450678,
        "top1_recall": 0.01995977952296825,
        "top1_f1": 0.009854025227506695,
        "maj_acc": 0.0,
        "maj_recall": 0.0,
        "maj_f1": 0.0
    }
}