{
    "splits": [
        0,
        1,
        2,
        3,
        4
    ],
    "test_metrics": {
        "top1_acc": 0.6647482014388488,
        "top1_recall": 0.6203200999819197,
        "top1_f1": 0.6621269895774361,
        "maj_acc": 0.0,
        "maj_recall": 0.0,
        "maj_f1": 0.0
    },
    "test_metrics_std": {
        "top1_acc": 0.008099695667178724,
        "top1_recall": 0.009830681408749296,
        "top1_f1": 0.00824976307072556,
        "maj_acc": 0.0,
        "maj_recall": 0.0,
        "maj_f1": 0.0
    }
}