{
    "splits": [
        0,
        1,
        2,
        3,
        4
    ],
    "test_metrics": {
        "top1_acc": 0.5509832134292566,
        "top1_recall": 0.4231526829633928,
        "top1_f1": 0.5415502362763901,
        "maj_acc": 0.0,
        "maj_recall": 0.0,
        "maj_f1": 0.0
    },
    "test_metrics_std": {
        "top1_acc": 0.015628133797154,
        "top1_recall": 0.015499094211341647,
        "top1_f1": 0.016250701595654136,
        "maj_acc": 0.0,
        "maj_recall": 0.0,
        "maj_f1": 0.0
    }
}