{
    "splits": [
        0,
        1,
        2,
        3,
        4
    ],
    "test_metrics": {
        "top1_acc": 0.7965467625899281,
        "top1_recall": 0.7144691578831475,
        "top1_f1": 0.7869131908918324,
        "maj_acc": 0.0,
        "maj_recall": 0.0,
        "maj_f1": 0.0
    },
    "test_metrics_std": {
        "top1_acc": 0.004174590915489487,
        "top1_recall": 0.007347334951785949,
        "top1_f1": 0.00491951329535779,
        "maj_acc": 0.0,
        "maj_recall": 0.0,
        "maj_f1": 0.0
    }
}