{
    "splits": [
        0,
        1,
        2,
        3,
        4
    ],
    "test_metrics": {
        "top1_acc": 0.3952321595512621,
        "top1_recall": 0.2909725023279478,
        "top1_f1": 0.3655463792859625,
        "maj_acc": 0.0,
        "maj_recall": 0.0,
        "maj_f1": 0.0
    },
    "test_metrics_std": {
        "top1_acc": 0.013001314310891377,
        "top1_recall": 0.0126041687768437,
        "top1_f1": 0.014720908687545746,
        "maj_acc": 0.0,
        "maj_recall": 0.0,
        "maj_f1": 0.0
    }
}