{
    "splits": [
        0,
        1,
        2,
        3,
        4
    ],
    "test_metrics": {
        "top1_acc": 0.47030227485197884,
        "top1_recall": 0.3784914448524983,
        "top1_f1": 0.44396351635464254,
        "maj_acc": 0.0,
        "maj_recall": 0.0,
        "maj_f1": 0.0
    },
    "test_metrics_std": {
        "top1_acc": 0.005765120058677497,
        "top1_recall": 0.005451569121175419,
        "top1_f1": 0.00646598673963105,
        "maj_acc": 0.0,
        "maj_recall": 0.0,
        "maj_f1": 0.0
    }
}