{
    "splits": [
        0,
        1,
        2,
        3,
        4
    ],
    "test_metrics": {
        "top1_acc": 0.7499626587005228,
        "top1_recall": 0.7456516945448384,
        "top1_f1": 0.74982333969863,
        "maj_acc": 0.0,
        "maj_recall": 0.0,
        "maj_f1": 0.0
    },
    "test_metrics_std": {
        "top1_acc": 0.008653518857410591,
        "top1_recall": 0.008646138093483198,
        "top1_f1": 0.008914774155908911,
        "maj_acc": 0.0,
        "maj_recall": 0.0,
        "maj_f1": 0.0
    }
}