{
    "splits": [
        0,
        1,
        2,
        3,
        4
    ],
    "test_metrics": {
        "top1_acc": 0.46288563415394207,
        "top1_recall": 0.38650091021137356,
        "top1_f1": 0.442460316677448,
        "maj_acc": 0.0,
        "maj_recall": 0.0,
        "maj_f1": 0.0
    },
    "test_metrics_std": {
        "top1_acc": 0.004558020547454613,
        "top1_recall": 0.006301312795174228,
        "top1_f1": 0.004780361006778521,
        "maj_acc": 0.0,
        "maj_recall": 0.0,
        "maj_f1": 0.0
    }
}