{
    "splits": [
        0,
        1,
        2,
        3,
        4
    ],
    "test_metrics": {
        "top1_acc": 0.46142100342785913,
        "top1_recall": 0.39020947115142424,
        "top1_f1": 0.44614083815494343,
        "maj_acc": 0.0,
        "maj_recall": 0.0,
        "maj_f1": 0.0
    },
    "test_metrics_std": {
        "top1_acc": 0.0041559415114486315,
        "top1_recall": 0.004682695821805046,
        "top1_f1": 0.004727363976624635,
        "maj_acc": 0.0,
        "maj_recall": 0.0,
        "maj_f1": 0.0
    }
}