{
    "splits": [
        0,
        1,
        2,
        3,
        4
    ],
    "test_metrics": {
        "top1_acc": 0.8119492158327108,
        "top1_recall": 0.8003785193781384,
        "top1_f1": 0.8137099511840598,
        "maj_acc": 0.0,
        "maj_recall": 0.0,
        "maj_f1": 0.0
    },
    "test_metrics_std": {
        "top1_acc": 0.0068797227500681435,
        "top1_recall": 0.010064588208627795,
        "top1_f1": 0.0067682036608324074,
        "maj_acc": 0.0,
        "maj_recall": 0.0,
        "maj_f1": 0.0
    }
}