{
    "splits": [
        0,
        1,
        2,
        3,
        4
    ],
    "test_metrics": {
        "top1_acc": 0.5984730445621689,
        "top1_recall": 0.5368508405138155,
        "top1_f1": 0.5938923472834388,
        "maj_acc": 0.0,
        "maj_recall": 0.0,
        "maj_f1": 0.0
    },
    "test_metrics_std": {
        "top1_acc": 0.007039520322972908,
        "top1_recall": 0.0072071861668960135,
        "top1_f1": 0.006928514323051689,
        "maj_acc": 0.0,
        "maj_recall": 0.0,
        "maj_f1": 0.0
    }
}