{
    "splits": [
        0,
        1,
        2,
        3,
        4
    ],
    "test_metrics": {
        "top1_acc": 0.9421956684092606,
        "top1_recall": 0.9451615494948189,
        "top1_f1": 0.9420715764367558,
        "maj_acc": 0.0,
        "maj_recall": 0.0,
        "maj_f1": 0.0
    },
    "test_metrics_std": {
        "top1_acc": 0.003714661722313938,
        "top1_recall": 0.0036177189312319225,
        "top1_f1": 0.003809059458342028,
        "maj_acc": 0.0,
        "maj_recall": 0.0,
        "maj_f1": 0.0
    }
}