{
    "splits": [
        0,
        1,
        2,
        3,
        4
    ],
    "test_metrics": {
        "top1_acc": 0.7905899925317402,
        "top1_recall": 0.7772328071950813,
        "top1_f1": 0.7912302474772633,
        "maj_acc": 0.0,
        "maj_recall": 0.0,
        "maj_f1": 0.0
    },
    "test_metrics_std": {
        "top1_acc": 0.006128525239411085,
        "top1_recall": 0.006106599864142912,
        "top1_f1": 0.005874971860653753,
        "maj_acc": 0.0,
        "maj_recall": 0.0,
        "maj_f1": 0.0
    }
}