{
    "splits": [
        0,
        1,
        2,
        3,
        4
    ],
    "test_metrics": {
        "top1_acc": 0.9020164301717699,
        "top1_recall": 0.9044376161194831,
        "top1_f1": 0.9019273405384208,
        "maj_acc": 0.0,
        "maj_recall": 0.0,
        "maj_f1": 0.0
    },
    "test_metrics_std": {
        "top1_acc": 0.0058357653758286014,
        "top1_recall": 0.005248770188623347,
        "top1_f1": 0.00585358280755511,
        "maj_acc": 0.0,
        "maj_recall": 0.0,
        "maj_f1": 0.0
    }
}