{
    "splits": [
        0,
        1,
        2,
        3,
        4
    ],
    "test_metrics": {
        "top1_acc": 0.7486930545182973,
        "top1_recall": 0.7413919923551504,
        "top1_f1": 0.7489974942813361,
        "maj_acc": 0.0,
        "maj_recall": 0.0,
        "maj_f1": 0.0
    },
    "test_metrics_std": {
        "top1_acc": 0.002824147931469632,
        "top1_recall": 0.0036981584730602507,
        "top1_f1": 0.0025846583209846964,
        "maj_acc": 0.0,
        "maj_recall": 0.0,
        "maj_f1": 0.0
    }
}