{
    "splits": [
        0,
        1,
        2,
        3,
        4
    ],
    "test_metrics": {
        "top1_acc": 0.4640074789654098,
        "top1_recall": 0.3919666736196551,
        "top1_f1": 0.4487922807179385,
        "maj_acc": 0.0,
        "maj_recall": 0.0,
        "maj_f1": 0.0
    },
    "test_metrics_std": {
        "top1_acc": 0.0036976994638058605,
        "top1_recall": 0.005596834627639826,
        "top1_f1": 0.004186324134290175,
        "maj_acc": 0.0,
        "maj_recall": 0.0,
        "maj_f1": 0.0
    }
}