{
    "splits": [
        0,
        1,
        2,
        3,
        4
    ],
    "test_metrics": {
        "top1_acc": 0.661670302274852,
        "top1_recall": 0.6046443532501908,
        "top1_f1": 0.6591148074265998,
        "maj_acc": 0.0,
        "maj_recall": 0.0,
        "maj_f1": 0.0
    },
    "test_metrics_std": {
        "top1_acc": 0.0059727758432962155,
        "top1_recall": 0.009301593890053595,
        "top1_f1": 0.006597339815369964,
        "maj_acc": 0.0,
        "maj_recall": 0.0,
        "maj_f1": 0.0
    }
}