{
    "splits": [
        0,
        1,
        2,
        3,
        4
    ],
    "test_metrics": {
        "top1_acc": 0.7176250933532488,
        "top1_recall": 0.7075250839187572,
        "top1_f1": 0.7162593958556851,
        "maj_acc": 0.0,
        "maj_recall": 0.0,
        "maj_f1": 0.0
    },
    "test_metrics_std": {
        "top1_acc": 0.009166205223340572,
        "top1_recall": 0.011384725049239517,
        "top1_f1": 0.009444806528058701,
        "maj_acc": 0.0,
        "maj_recall": 0.0,
        "maj_f1": 0.0
    }
}