{
    "splits": [
        0,
        1,
        2,
        3,
        4
    ],
    "test_metrics": {
        "top1_acc": 0.7202389843166541,
        "top1_recall": 0.6962553471837891,
        "top1_f1": 0.7193190987845239,
        "maj_acc": 0.0,
        "maj_recall": 0.0,
        "maj_f1": 0.0
    },
    "test_metrics_std": {
        "top1_acc": 0.008463881443768298,
        "top1_recall": 0.007157404828410151,
        "top1_f1": 0.009233357322032773,
        "maj_acc": 0.0,
        "maj_recall": 0.0,
        "maj_f1": 0.0
    }
}