{
    "splits": [
        0,
        1,
        2,
        3,
        4
    ],
    "test_metrics": {
        "top1_acc": 0.48840760361483326,
        "top1_recall": 0.4074905996241095,
        "top1_f1": 0.4749099012773218,
        "maj_acc": 0.0,
        "maj_recall": 0.0,
        "maj_f1": 0.0
    },
    "test_metrics_std": {
        "top1_acc": 0.0055295403109331814,
        "top1_recall": 0.006387835596699622,
        "top1_f1": 0.005671921354910339,
        "maj_acc": 0.0,
        "maj_recall": 0.0,
        "maj_f1": 0.0
    }
}