{
    "splits": [
        0,
        1,
        2,
        3,
        4
    ],
    "test_metrics": {
        "top1_acc": 0.5469879518072289,
        "top1_recall": 0.5371111111111111,
        "top1_f1": 0.520582616326395,
        "maj_acc": 0.0,
        "maj_recall": 0.0,
        "maj_f1": 0.0
    },
    "test_metrics_std": {
        "top1_acc": 0.02595260148016626,
        "top1_recall": 0.026579487124518974,
        "top1_f1": 0.02219644857867728,
        "maj_acc": 0.0,
        "maj_recall": 0.0,
        "maj_f1": 0.0
    }
}