{
    "splits": [
        0,
        1,
        2,
        3,
        4
    ],
    "test_metrics": {
        "top1_acc": 0.9186666666666665,
        "top1_recall": 0.9186666666666667,
        "top1_f1": 0.9186602378585146,
        "maj_acc": 0.0,
        "maj_recall": 0.0,
        "maj_f1": 0.0
    },
    "test_metrics_std": {
        "top1_acc": 0.004988876515698585,
        "top1_recall": 0.004988876515698585,
        "top1_f1": 0.005168455772625776,
        "maj_acc": 0.0,
        "maj_recall": 0.0,
        "maj_f1": 0.0
    }
}