{
    "splits": [
        0,
        1,
        2,
        3,
        4
    ],
    "test_metrics": {
        "top1_acc": 0.8906666666666666,
        "top1_recall": 0.8906666666666666,
        "top1_f1": 0.8903458841520294,
        "maj_acc": 0.0,
        "maj_recall": 0.0,
        "maj_f1": 0.0
    },
    "test_metrics_std": {
        "top1_acc": 0.009043106644166998,
        "top1_recall": 0.009043106644166972,
        "top1_f1": 0.009156096990475522,
        "maj_acc": 0.0,
        "maj_recall": 0.0,
        "maj_f1": 0.0
    }
}