{
    "splits": [
        0,
        1,
        2,
        3,
        4
    ],
    "test_metrics": {
        "top1_acc": 0.908,
        "top1_recall": 0.908,
        "top1_f1": 0.9079733110884527,
        "maj_acc": 0.0,
        "maj_recall": 0.0,
        "maj_f1": 0.0
    },
    "test_metrics_std": {
        "top1_acc": 0.007774602526460406,
        "top1_recall": 0.007774602526460386,
        "top1_f1": 0.00778618738729044,
        "maj_acc": 0.0,
        "maj_recall": 0.0,
        "maj_f1": 0.0
    }
}