{
    "splits": [
        0,
        1,
        2,
        3,
        4
    ],
    "test_metrics": {
        "top1_acc": 0.8626666666666667,
        "top1_recall": 0.8626666666666667,
        "top1_f1": 0.8654974597450259,
        "maj_acc": 0.0,
        "maj_recall": 0.0,
        "maj_f1": 0.0
    },
    "test_metrics_std": {
        "top1_acc": 0.00799999999999997,
        "top1_recall": 0.008000000000000075,
        "top1_f1": 0.008159194102421654,
        "maj_acc": 0.0,
        "maj_recall": 0.0,
        "maj_f1": 0.0
    }
}