{
    "splits": [
        0,
        1,
        2,
        3,
        4
    ],
    "test_metrics": {
        "top1_acc": 0.9399999999999998,
        "top1_recall": 0.9400000000000002,
        "top1_f1": 0.9405519165862308,
        "maj_acc": 0.0,
        "maj_recall": 0.0,
        "maj_f1": 0.0
    },
    "test_metrics_std": {
        "top1_acc": 0.011155467020454333,
        "top1_recall": 0.01115546702045432,
        "top1_f1": 0.010947950346161018,
        "maj_acc": 0.0,
        "maj_recall": 0.0,
        "maj_f1": 0.0
    }
}