{
    "splits": [
        0,
        1,
        2,
        3,
        4
    ],
    "test_metrics": {
        "top1_acc": 0.5373493975903614,
        "top1_recall": 0.5268888888888889,
        "top1_f1": 0.4981953839713554,
        "maj_acc": 0.0,
        "maj_recall": 0.0,
        "maj_f1": 0.0
    },
    "test_metrics_std": {
        "top1_acc": 0.01634296381475969,
        "top1_recall": 0.017132742459907885,
        "top1_f1": 0.014895376367268873,
        "maj_acc": 0.0,
        "maj_recall": 0.0,
        "maj_f1": 0.0
    }
}