{
    "splits": [
        0,
        1,
        2,
        3,
        4
    ],
    "test_metrics": {
        "top1_acc": 0.506024096385542,
        "top1_recall": 0.49466666666666664,
        "top1_f1": 0.47091338851481196,
        "maj_acc": 0.0,
        "maj_recall": 0.0,
        "maj_f1": 0.0
    },
    "test_metrics_std": {
        "top1_acc": 0.02527250236554583,
        "top1_recall": 0.02597624745991544,
        "top1_f1": 0.03005509674726887,
        "maj_acc": 0.0,
        "maj_recall": 0.0,
        "maj_f1": 0.0
    }
}