{
    "splits": [
        0,
        1,
        2,
        3,
        4
    ],
    "test_metrics": {
        "top1_acc": 0.5879518072289156,
        "top1_recall": 0.5782222222222222,
        "top1_f1": 0.5831872185283997,
        "maj_acc": 0.0,
        "maj_recall": 0.0,
        "maj_f1": 0.0
    },
    "test_metrics_std": {
        "top1_acc": 0.014050486493603144,
        "top1_recall": 0.01576995111040907,
        "top1_f1": 0.014819475319591647,
        "maj_acc": 0.0,
        "maj_recall": 0.0,
        "maj_f1": 0.0
    }
}