{
    "splits": [
        0,
        1,
        2,
        3,
        4
    ],
    "test_metrics": {
        "top1_acc": 0.6409638554216868,
        "top1_recall": 0.626,
        "top1_f1": 0.5885690890299163,
        "maj_acc": 0.0,
        "maj_recall": 0.0,
        "maj_f1": 0.0
    },
    "test_metrics_std": {
        "top1_acc": 0.019277108433734935,
        "top1_recall": 0.018453812881801517,
        "top1_f1": 0.016301024953333385,
        "maj_acc": 0.0,
        "maj_recall": 0.0,
        "maj_f1": 0.0
    }
}