{
    "splits": [
        0,
        1,
        2,
        3,
        4
    ],
    "test_metrics": {
        "top1_acc": 0.5421686746987951,
        "top1_recall": 0.5293333333333334,
        "top1_f1": 0.5133832608295658,
        "maj_acc": 0.0,
        "maj_recall": 0.0,
        "maj_f1": 0.0
    },
    "test_metrics_std": {
        "top1_acc": 0.013198133915787138,
        "top1_recall": 0.01138766931139466,
        "top1_f1": 0.012638726487016805,
        "maj_acc": 0.0,
        "maj_recall": 0.0,
        "maj_f1": 0.0
    }
}