{
    "splits": [
        0,
        1,
        2,
        3,
        4
    ],
    "test_metrics": {
        "top1_acc": 0.9359999999999999,
        "top1_recall": 0.9359999999999999,
        "top1_f1": 0.9366281481257118,
        "maj_acc": 0.0,
        "maj_recall": 0.0,
        "maj_f1": 0.0
    },
    "test_metrics_std": {
        "top1_acc": 0.003265986323710871,
        "top1_recall": 0.003265986323710925,
        "top1_f1": 0.003295701052811256,
        "maj_acc": 0.0,
        "maj_recall": 0.0,
        "maj_f1": 0.0
    }
}