{
    "splits": [
        0,
        1,
        2,
        3,
        4
    ],
    "test_metrics": {
        "top1_acc": 0.6144578313253012,
        "top1_recall": 0.6062222222222221,
        "top1_f1": 0.6042325504971948,
        "maj_acc": 0.0,
        "maj_recall": 0.0,
        "maj_f1": 0.0
    },
    "test_metrics_std": {
        "top1_acc": 0.01077623121686644,
        "top1_recall": 0.011771486789465763,
        "top1_f1": 0.018372822759222217,
        "maj_acc": 0.0,
        "maj_recall": 0.0,
        "maj_f1": 0.0
    }
}