{
    "splits": [
        0,
        1,
        2,
        3,
        4
    ],
    "test_metrics": {
        "top1_acc": 0.4481927710843373,
        "top1_recall": 0.42711111111111116,
        "top1_f1": 0.4243238122133251,
        "maj_acc": 0.0,
        "maj_recall": 0.0,
        "maj_f1": 0.0
    },
    "test_metrics_std": {
        "top1_acc": 0.03178531556210339,
        "top1_recall": 0.03275498265743534,
        "top1_f1": 0.028964259795604363,
        "maj_acc": 0.0,
        "maj_recall": 0.0,
        "maj_f1": 0.0
    }
}