{
    "splits": [
        0,
        1,
        2,
        3,
        4
    ],
    "test_metrics": {
        "top1_acc": 0.9826666666666668,
        "top1_recall": 0.9826666666666668,
        "top1_f1": 0.9826565464410819,
        "maj_acc": 0.0,
        "maj_recall": 0.0,
        "maj_f1": 0.0
    },
    "test_metrics_std": {
        "top1_acc": 0.003265986323710925,
        "top1_recall": 0.003265986323710871,
        "top1_f1": 0.003267440955196127,
        "maj_acc": 0.0,
        "maj_recall": 0.0,
        "maj_f1": 0.0
    }
}