{
    "splits": [
        0,
        1,
        2,
        3,
        4
    ],
    "test_metrics": {
        "top1_acc": 0.7701902748414376,
        "top1_recall": 0.605412961228989,
        "top1_f1": 0.7614243842304412,
        "maj_acc": 0.0,
        "maj_recall": 0.0,
        "maj_f1": 0.0
    },
    "test_metrics_std": {
        "top1_acc": 0.0056964877739143945,
        "top1_recall": 0.005988608307114851,
        "top1_f1": 0.005452190040738516,
        "maj_acc": 0.0,
        "maj_recall": 0.0,
        "maj_f1": 0.0
    }
}