{
    "splits": [
        0,
        1,
        2,
        3,
        4
    ],
    "test_metrics": {
        "top1_acc": 0.6583509513742072,
        "top1_recall": 0.4582746391368343,
        "top1_f1": 0.6367256850534011,
        "maj_acc": 0.0,
        "maj_recall": 0.0,
        "maj_f1": 0.0
    },
    "test_metrics_std": {
        "top1_acc": 0.01302229479444776,
        "top1_recall": 0.023393510014995404,
        "top1_f1": 0.016342290253625987,
        "maj_acc": 0.0,
        "maj_recall": 0.0,
        "maj_f1": 0.0
    }
}