{
    "splits": [
        0,
        1,
        2,
        3,
        4
    ],
    "test_metrics": {
        "top1_acc": 0.692600422832981,
        "top1_recall": 0.535429908876773,
        "top1_f1": 0.6778232707364898,
        "maj_acc": 0.0,
        "maj_recall": 0.0,
        "maj_f1": 0.0
    },
    "test_metrics_std": {
        "top1_acc": 0.0080059603504277,
        "top1_recall": 0.01122998234490303,
        "top1_f1": 0.006366224911784884,
        "maj_acc": 0.0,
        "maj_recall": 0.0,
        "maj_f1": 0.0
    }
}