{
    "splits": [
        0,
        1,
        2,
        3,
        4
    ],
    "test_metrics": {
        "top1_acc": 0.7006342494714588,
        "top1_recall": 0.4750798030850296,
        "top1_f1": 0.6758344544542128,
        "maj_acc": 0.0,
        "maj_recall": 0.0,
        "maj_f1": 0.0
    },
    "test_metrics_std": {
        "top1_acc": 0.01757937970908028,
        "top1_recall": 0.01192603502567463,
        "top1_f1": 0.017899552297798518,
        "maj_acc": 0.0,
        "maj_recall": 0.0,
        "maj_f1": 0.0
    }
}