{
    "splits": [
        0,
        1,
        2,
        3,
        4
    ],
    "test_metrics": {
        "top1_acc": 0.8257928118393234,
        "top1_recall": 0.701602540542436,
        "top1_f1": 0.8209627358799926,
        "maj_acc": 0.0,
        "maj_recall": 0.0,
        "maj_f1": 0.0
    },
    "test_metrics_std": {
        "top1_acc": 0.003625037674309153,
        "top1_recall": 0.017377644314312702,
        "top1_f1": 0.004363908025370676,
        "maj_acc": 0.0,
        "maj_recall": 0.0,
        "maj_f1": 0.0
    }
}