{
    "splits": [
        0,
        1,
        2,
        3,
        4
    ],
    "test_metrics": {
        "top1_acc": 0.7128964059196617,
        "top1_recall": 0.5482546823869123,
        "top1_f1": 0.6994179581678213,
        "maj_acc": 0.0,
        "maj_recall": 0.0,
        "maj_f1": 0.0
    },
    "test_metrics_std": {
        "top1_acc": 0.009108101153715858,
        "top1_recall": 0.007773086396550774,
        "top1_f1": 0.009332723885787519,
        "maj_acc": 0.0,
        "maj_recall": 0.0,
        "maj_f1": 0.0
    }
}