{
    "splits": [
        0,
        1,
        2,
        3,
        4
    ],
    "test_metrics": {
        "top1_acc": 0.7896405919661733,
        "top1_recall": 0.6680073370815531,
        "top1_f1": 0.786753319234862,
        "maj_acc": 0.0,
        "maj_recall": 0.0,
        "maj_f1": 0.0
    },
    "test_metrics_std": {
        "top1_acc": 0.010443204258121317,
        "top1_recall": 0.009291958375356842,
        "top1_f1": 0.009868148144066847,
        "maj_acc": 0.0,
        "maj_recall": 0.0,
        "maj_f1": 0.0
    }
}