{
    "splits": [
        0,
        1,
        2,
        3,
        4
    ],
    "test_metrics": {
        "top1_acc": 0.7230443974630021,
        "top1_recall": 0.5652436036798407,
        "top1_f1": 0.7126379249243132,
        "maj_acc": 0.0,
        "maj_recall": 0.0,
        "maj_f1": 0.0
    },
    "test_metrics_std": {
        "top1_acc": 0.013320916703613852,
        "top1_recall": 0.01592405433788507,
        "top1_f1": 0.013725500149435155,
        "maj_acc": 0.0,
        "maj_recall": 0.0,
        "maj_f1": 0.0
    }
}