{
    "splits": [
        0,
        1,
        2,
        3,
        4,
        5,
        6,
        7,
        8,
        9
    ],
    "test_metrics": {
        "top1_acc": 0.8111997000000001,
        "top1_recall": 0.6676115731168725,
        "top1_f1": 0.8094277912540765,
        "maj_acc": 0.8111997000000001,
        "maj_recall": 0.6676115731168725,
        "maj_f1": 0.8094277912540765
    },
    "test_metrics_std": {
        "top1_acc": 0.00046192554594871285,
        "top1_recall": 0.0011593462614183122,
        "top1_f1": 0.0004547813934469867,
        "maj_acc": 0.00046192554594871285,
        "maj_recall": 0.0011593462614183122,
        "maj_f1": 0.0004547813934469867
    }
}