{
    "splits": [
        0,
        1,
        2,
        3,
        4,
        5,
        6,
        7,
        8,
        9
    ],
    "test_metrics": {
        "top1_acc": 0.9644248000000001,
        "top1_recall": 0.928124254510464,
        "top1_f1": 0.9643372487881845,
        "maj_acc": 0.9644248000000001,
        "maj_recall": 0.928124254510464,
        "maj_f1": 0.9643372487881845
    },
    "test_metrics_std": {
        "top1_acc": 0.0005209913243039625,
        "top1_recall": 0.0038281048297859766,
        "top1_f1": 0.0005120888679643953,
        "maj_acc": 0.0005209913243039625,
        "maj_recall": 0.0038281048297859766,
        "maj_f1": 0.0005120888679643953
    }
}