{
    "splits": [
        0,
        1,
        2,
        3,
        4,
        5,
        6,
        7,
        8,
        9
    ],
    "test_metrics": {
        "top1_acc": 0.918273381294964,
        "top1_recall": 0.9027051591144506,
        "top1_f1": 0.9184642435963897,
        "maj_acc": 0.918273381294964,
        "maj_recall": 0.9027051591144506,
        "maj_f1": 0.9184642435963897
    },
    "test_metrics_std": {
        "top1_acc": 0.00447972927725109,
        "top1_recall": 0.006411637855995389,
        "top1_f1": 0.004311162154490288,
        "maj_acc": 0.00447972927725109,
        "maj_recall": 0.006411637855995389,
        "maj_f1": 0.004311162154490288
    }
}