{
    "splits": [
        0,
        1,
        2,
        3,
        4,
        5,
        6,
        7,
        8,
        9
    ],
    "test_metrics": {
        "top1_acc": 0.75568345323741,
        "top1_recall": 0.7606772585041861,
        "top1_f1": 0.7555400386676052,
        "maj_acc": 0.75568345323741,
        "maj_recall": 0.7606772585041861,
        "maj_f1": 0.7555400386676052
    },
    "test_metrics_std": {
        "top1_acc": 0.01407524738913807,
        "top1_recall": 0.013153516172836163,
        "top1_f1": 0.013924229444540344,
        "maj_acc": 0.01407524738913807,
        "maj_recall": 0.013153516172836163,
        "maj_f1": 0.013924229444540344
    }
}