{
    "splits": [
        0,
        1,
        2,
        3,
        4,
        5,
        6,
        7,
        8,
        9
    ],
    "test_metrics": {
        "top1_acc": 0.7324700239808154,
        "top1_recall": 0.6369227239126749,
        "top1_f1": 0.7319681024891983,
        "maj_acc": 0.7324700239808154,
        "maj_recall": 0.6369227239126749,
        "maj_f1": 0.7319681024891983
    },
    "test_metrics_std": {
        "top1_acc": 0.009870778591951564,
        "top1_recall": 0.018511096968882285,
        "top1_f1": 0.01016187419189365,
        "maj_acc": 0.009870778591951564,
        "maj_recall": 0.018511096968882285,
        "maj_f1": 0.01016187419189365
    }
}