{
    "splits": [
        0,
        0,
        1,
        1,
        2,
        2,
        3,
        3,
        4,
        4
    ],
    "test_metrics": {
        "top1_acc": 0.8475225927080088,
        "top1_recall": 0.811782264859161,
        "top1_f1": 0.8474957965504254,
        "maj_acc": 0.8475225927080088,
        "maj_recall": 0.811782264859161,
        "maj_f1": 0.8474957965504254
    },
    "test_metrics_std": {
        "top1_acc": 0.003926456840137127,
        "top1_recall": 0.005776323311713882,
        "top1_f1": 0.004086979743444982,
        "maj_acc": 0.003926456840137127,
        "maj_recall": 0.005776323311713882,
        "maj_f1": 0.004086979743444982
    }
}