{
    "splits": [
        0,
        0,
        1,
        1,
        2,
        2,
        3,
        3,
        4,
        4
    ],
    "test_metrics": {
        "top1_acc": 0.9818521284540702,
        "top1_recall": 0.9831985116875017,
        "top1_f1": 0.9818289528052114,
        "maj_acc": 0.9818521284540702,
        "maj_recall": 0.9831985116875017,
        "maj_f1": 0.9818289528052114
    },
    "test_metrics_std": {
        "top1_acc": 0.0015772003048500982,
        "top1_recall": 0.0020042267785234298,
        "top1_f1": 0.0015779656377404336,
        "maj_acc": 0.0015772003048500982,
        "maj_recall": 0.0020042267785234298,
        "maj_f1": 0.0015779656377404336
    }
}