{
    "splits": [
        0,
        0,
        1,
        1,
        2,
        2,
        3,
        3,
        4,
        4
    ],
    "test_metrics": {
        "top1_acc": 0.8481927710843374,
        "top1_recall": 0.8408888888888889,
        "top1_f1": 0.843254272731285,
        "maj_acc": 0.8481927710843374,
        "maj_recall": 0.8408888888888889,
        "maj_f1": 0.843254272731285
    },
    "test_metrics_std": {
        "top1_acc": 0.009638554216867452,
        "top1_recall": 0.010666666666666685,
        "top1_f1": 0.009962787483569028,
        "maj_acc": 0.009638554216867452,
        "maj_recall": 0.010666666666666685,
        "maj_f1": 0.009962787483569028
    }
}