{
    "splits": [
        0,
        0,
        1,
        1,
        2,
        2,
        3,
        3,
        4,
        4
    ],
    "test_metrics": {
        "top1_acc": 0.8684989429175476,
        "top1_recall": 0.7687590839409656,
        "top1_f1": 0.8684940390402863,
        "maj_acc": 0.8684989429175476,
        "maj_recall": 0.7687590839409656,
        "maj_f1": 0.8684940390402863
    },
    "test_metrics_std": {
        "top1_acc": 0.004563854787510133,
        "top1_recall": 0.02086608076389508,
        "top1_f1": 0.005227473669607843,
        "maj_acc": 0.004563854787510133,
        "maj_recall": 0.02086608076389508,
        "maj_f1": 0.005227473669607843
    }
}