{
    "splits": [
        0,
        1,
        2,
        3,
        4,
        5,
        6,
        7,
        8,
        9
    ],
    "test_metrics": {
        "top1_acc": 0.9210562999999998,
        "top1_recall": 0.8318763185313974,
        "top1_f1": 0.9204709070037215,
        "maj_acc": 0.0,
        "maj_recall": 0.0,
        "maj_f1": 0.0
    },
    "test_metrics_std": {
        "top1_acc": 0.00029931122598393065,
        "top1_recall": 0.0011584109728067708,
        "top1_f1": 0.00030508266091139476,
        "maj_acc": 0.0,
        "maj_recall": 0.0,
        "maj_f1": 0.0
    }
}