{
    "splits": [
        0,
        1,
        2,
        3,
        4,
        5,
        6,
        7,
        8,
        9
    ],
    "test_metrics": {
        "top1_acc": 0.9824780000000001,
        "top1_recall": 0.9545157659873669,
        "top1_f1": 0.9824720359933121,
        "maj_acc": 0.0,
        "maj_recall": 0.0,
        "maj_f1": 0.0
    },
    "test_metrics_std": {
        "top1_acc": 0.0002207854161850409,
        "top1_recall": 0.003401520303707276,
        "top1_f1": 0.00022403556521705974,
        "maj_acc": 0.0,
        "maj_recall": 0.0,
        "maj_f1": 0.0
    }
}