{
    "splits": [
        0,
        1,
        2,
        3,
        4,
        5,
        6,
        7,
        8,
        9
    ],
    "test_metrics": {
        "top1_acc": 0.8019184652278177,
        "top1_recall": 0.7840026293264928,
        "top1_f1": 0.801512344287981,
        "maj_acc": 0.0,
        "maj_recall": 0.0,
        "maj_f1": 0.0
    },
    "test_metrics_std": {
        "top1_acc": 0.009150495936853199,
        "top1_recall": 0.009022408606716268,
        "top1_f1": 0.009174039085215874,
        "maj_acc": 0.0,
        "maj_recall": 0.0,
        "maj_f1": 0.0
    }
}