{
    "splits": [
        0,
        1,
        2,
        3,
        4,
        5,
        6,
        7,
        8,
        9
    ],
    "test_metrics": {
        "top1_acc": 0.7744364508393285,
        "top1_recall": 0.6656587084859258,
        "top1_f1": 0.771478321859808,
        "maj_acc": 0.0,
        "maj_recall": 0.0,
        "maj_f1": 0.0
    },
    "test_metrics_std": {
        "top1_acc": 0.008285154796620767,
        "top1_recall": 0.019320660393421275,
        "top1_f1": 0.008151806636876483,
        "maj_acc": 0.0,
        "maj_recall": 0.0,
        "maj_f1": 0.0
    }
}