{
    "splits": [
        0,
        1,
        2,
        3,
        4,
        5,
        6,
        7,
        8,
        9
    ],
    "test_metrics": {
        "top1_acc": 0.943693045563549,
        "top1_recall": 0.928560105784203,
        "top1_f1": 0.9435410159233799,
        "maj_acc": 0.0,
        "maj_recall": 0.0,
        "maj_f1": 0.0
    },
    "test_metrics_std": {
        "top1_acc": 0.004530787790357622,
        "top1_recall": 0.005101132216918351,
        "top1_f1": 0.00447154897784457,
        "maj_acc": 0.0,
        "maj_recall": 0.0,
        "maj_f1": 0.0
    }
}