{
    "splits": [
        0,
        0,
        1,
        1,
        2,
        2,
        3,
        3,
        4,
        4
    ],
    "test_metrics": {
        "top1_acc": 0.9866691560866319,
        "top1_recall": 0.9889686396126498,
        "top1_f1": 0.9866723144478918,
        "maj_acc": 0.0,
        "maj_recall": 0.0,
        "maj_f1": 0.0
    },
    "test_metrics_std": {
        "top1_acc": 0.0026564863945978223,
        "top1_recall": 0.002251647954587931,
        "top1_f1": 0.002656773795221174,
        "maj_acc": 0.0,
        "maj_recall": 0.0,
        "maj_f1": 0.0
    }
}