{
    "splits": [
        0,
        0,
        1,
        1,
        2,
        2,
        3,
        3,
        4,
        4
    ],
    "test_metrics": {
        "top1_acc": 0.8530694920535993,
        "top1_recall": 0.8165981653349659,
        "top1_f1": 0.8529504523273752,
        "maj_acc": 0.0,
        "maj_recall": 0.0,
        "maj_f1": 0.0
    },
    "test_metrics_std": {
        "top1_acc": 0.003531810043229154,
        "top1_recall": 0.004259941181425822,
        "top1_f1": 0.0036458467455421652,
        "maj_acc": 0.0,
        "maj_recall": 0.0,
        "maj_f1": 0.0
    }
}