{
    "splits": [
        0,
        0,
        1,
        1,
        2,
        2,
        3,
        3,
        4,
        4
    ],
    "test_metrics": {
        "top1_acc": 0.9813333333333334,
        "top1_recall": 0.9813333333333334,
        "top1_f1": 0.9814146103905805,
        "maj_acc": 0.0,
        "maj_recall": 0.0,
        "maj_f1": 0.0
    },
    "test_metrics_std": {
        "top1_acc": 0.002666666666666684,
        "top1_recall": 0.0026666666666666393,
        "top1_f1": 0.002625101954844089,
        "maj_acc": 0.0,
        "maj_recall": 0.0,
        "maj_f1": 0.0
    }
}