{
    "splits": [
        0,
        0,
        1,
        1,
        2,
        2,
        3,
        3,
        4,
        4
    ],
    "test_metrics": {
        "top1_acc": 0.8963855421686746,
        "top1_recall": 0.8962222222222224,
        "top1_f1": 0.8945763235232391,
        "maj_acc": 0.0,
        "maj_recall": 0.0,
        "maj_f1": 0.0
    },
    "test_metrics_std": {
        "top1_acc": 0.011042351072182745,
        "top1_recall": 0.011102218663819378,
        "top1_f1": 0.011376293220429441,
        "maj_acc": 0.0,
        "maj_recall": 0.0,
        "maj_f1": 0.0
    }
}