{
    "splits": [
        0,
        0,
        1,
        1,
        2,
        2,
        3,
        3,
        4,
        4
    ],
    "test_metrics": {
        "top1_acc": 0.8890063424947148,
        "top1_recall": 0.7933758799369427,
        "top1_f1": 0.8873405528746213,
        "maj_acc": 0.0,
        "maj_recall": 0.0,
        "maj_f1": 0.0
    },
    "test_metrics_std": {
        "top1_acc": 0.0075045409510777475,
        "top1_recall": 0.014887091107127883,
        "top1_f1": 0.00737079438258621,
        "maj_acc": 0.0,
        "maj_recall": 0.0,
        "maj_f1": 0.0
    }
}