{
    "splits": [
        0,
        1,
        2,
        3,
        4,
        5,
        6,
        7,
        8,
        9
    ],
    "test_metrics": {
        "top1_acc": 0.621514,
        "top1_recall": 0.37787345417402385,
        "top1_f1": 0.595203845723776,
        "maj_acc": 0.0,
        "maj_recall": 0.0,
        "maj_f1": 0.0
    },
    "test_metrics_std": {
        "top1_acc": 0.0031107742766070157,
        "top1_recall": 0.003533815013688248,
        "top1_f1": 0.004359480843750935,
        "maj_acc": 0.0,
        "maj_recall": 0.0,
        "maj_f1": 0.0
    }
}