{
    "splits": [
        0,
        1,
        2,
        3,
        4,
        5,
        6,
        7,
        8,
        9
    ],
    "test_metrics": {
        "top1_acc": 0.8565158,
        "top1_recall": 0.7760004157435911,
        "top1_f1": 0.853428635257622,
        "maj_acc": 0.0,
        "maj_recall": 0.0,
        "maj_f1": 0.0
    },
    "test_metrics_std": {
        "top1_acc": 0.0015915753705055937,
        "top1_recall": 0.0022801516923531876,
        "top1_f1": 0.0015501604920242933,
        "maj_acc": 0.0,
        "maj_recall": 0.0,
        "maj_f1": 0.0
    }
}