{
    "splits": [
        0,
        1,
        2,
        3,
        4,
        5,
        6,
        7,
        8,
        9
    ],
    "test_metrics": {
        "top1_acc": 0.7301199040767387,
        "top1_recall": 0.6879798455714867,
        "top1_f1": 0.7290328281702777,
        "maj_acc": 0.0,
        "maj_recall": 0.0,
        "maj_f1": 0.0
    },
    "test_metrics_std": {
        "top1_acc": 0.010521102764951424,
        "top1_recall": 0.013036127854255628,
        "top1_f1": 0.01051335346759224,
        "maj_acc": 0.0,
        "maj_recall": 0.0,
        "maj_f1": 0.0
    }
}