{
    "splits": [
        0,
        1,
        2,
        3,
        4,
        5,
        6,
        7,
        8,
        9
    ],
    "test_metrics": {
        "top1_acc": 0.8803357314148681,
        "top1_recall": 0.8451985363672518,
        "top1_f1": 0.8792308339118403,
        "maj_acc": 0.0,
        "maj_recall": 0.0,
        "maj_f1": 0.0
    },
    "test_metrics_std": {
        "top1_acc": 0.006712058432511696,
        "top1_recall": 0.008049549379189396,
        "top1_f1": 0.006662558499617526,
        "maj_acc": 0.0,
        "maj_recall": 0.0,
        "maj_f1": 0.0
    }
}