{
    "splits": [
        0,
        1,
        2,
        3,
        4,
        5,
        6,
        7,
        8,
        9
    ],
    "test_metrics": {
        "top1_acc": 0.7280575539568346,
        "top1_recall": 0.6057435762576271,
        "top1_f1": 0.7231333224405464,
        "maj_acc": 0.0,
        "maj_recall": 0.0,
        "maj_f1": 0.0
    },
    "test_metrics_std": {
        "top1_acc": 0.006434727992805149,
        "top1_recall": 0.014537653359068528,
        "top1_f1": 0.007251860341568561,
        "maj_acc": 0.0,
        "maj_recall": 0.0,
        "maj_f1": 0.0
    }
}