{
    "splits": [
        0,
        0,
        1,
        1,
        2,
        2,
        3,
        3,
        4,
        4
    ],
    "test_metrics": {
        "top1_acc": 0.725116858834528,
        "top1_recall": 0.6740792800998439,
        "top1_f1": 0.7234916312305124,
        "maj_acc": 0.0,
        "maj_recall": 0.0,
        "maj_f1": 0.0
    },
    "test_metrics_std": {
        "top1_acc": 0.0046560355738534814,
        "top1_recall": 0.0047784448527985095,
        "top1_f1": 0.004740164547051022,
        "maj_acc": 0.0,
        "maj_recall": 0.0,
        "maj_f1": 0.0
    }
}