{
    "splits": [
        0,
        0,
        1,
        1,
        2,
        2,
        3,
        3,
        4,
        4
    ],
    "test_metrics": {
        "top1_acc": 0.9589245705750559,
        "top1_recall": 0.9613187247599694,
        "top1_f1": 0.9589546159372168,
        "maj_acc": 0.0,
        "maj_recall": 0.0,
        "maj_f1": 0.0
    },
    "test_metrics_std": {
        "top1_acc": 0.0012496789044571584,
        "top1_recall": 0.0021229534042383354,
        "top1_f1": 0.0012489917804569105,
        "maj_acc": 0.0,
        "maj_recall": 0.0,
        "maj_f1": 0.0
    }
}