{
    "splits": [
        0,
        0,
        1,
        1,
        2,
        2,
        3,
        3,
        4,
        4
    ],
    "test_metrics": {
        "top1_acc": 0.9800000000000001,
        "top1_recall": 0.9800000000000001,
        "top1_f1": 0.9801074372510884,
        "maj_acc": 0.0,
        "maj_recall": 0.0,
        "maj_f1": 0.0
    },
    "test_metrics_std": {
        "top1_acc": 1.1102230246251565e-16,
        "top1_recall": 0.0,
        "top1_f1": 1.1102230246251565e-16,
        "maj_acc": 0.0,
        "maj_recall": 0.0,
        "maj_f1": 0.0
    }
}