{
    "splits": [
        0,
        0,
        1,
        1,
        2,
        2,
        3,
        3,
        4,
        4
    ],
    "test_metrics": {
        "top1_acc": 0.8746987951807229,
        "top1_recall": 0.8688888888888888,
        "top1_f1": 0.8670645407168353,
        "maj_acc": 0.0,
        "maj_recall": 0.0,
        "maj_f1": 0.0
    },
    "test_metrics_std": {
        "top1_acc": 0.02100674189658154,
        "top1_recall": 0.02028196303840826,
        "top1_f1": 0.022515074375576986,
        "maj_acc": 0.0,
        "maj_recall": 0.0,
        "maj_f1": 0.0
    }
}