{
    "splits": [
        0,
        0,
        1,
        1,
        2,
        2,
        3,
        3,
        4,
        4
    ],
    "test_metrics": {
        "top1_acc": 0.8642706131078224,
        "top1_recall": 0.7530424222699483,
        "top1_f1": 0.8610938578904582,
        "maj_acc": 0.0,
        "maj_recall": 0.0,
        "maj_f1": 0.0
    },
    "test_metrics_std": {
        "top1_acc": 0.008732294472754044,
        "top1_recall": 0.015620460873739863,
        "top1_f1": 0.008361079825409283,
        "maj_acc": 0.0,
        "maj_recall": 0.0,
        "maj_f1": 0.0
    }
}