{
    "splits": [
        0,
        1,
        2,
        3,
        4,
        5,
        6,
        7,
        8,
        9
    ],
    "test_metrics": {
        "top1_acc": 0.9241898,
        "top1_recall": 0.836224740816227,
        "top1_f1": 0.9235569530796862,
        "maj_acc": 0.0,
        "maj_recall": 0.0,
        "maj_f1": 0.0
    },
    "test_metrics_std": {
        "top1_acc": 0.00021724585151390433,
        "top1_recall": 0.0008641563443502471,
        "top1_f1": 0.00023727472822975134,
        "maj_acc": 0.0,
        "maj_recall": 0.0,
        "maj_f1": 0.0
    }
}