{
    "splits": [
        0,
        1,
        2,
        3,
        4,
        5,
        6,
        7,
        8,
        9
    ],
    "test_metrics": {
        "top1_acc": 0.9803162000000001,
        "top1_recall": 0.954481637897888,
        "top1_f1": 0.9803223208754354,
        "maj_acc": 0.0,
        "maj_recall": 0.0,
        "maj_f1": 0.0
    },
    "test_metrics_std": {
        "top1_acc": 0.0002730859937821954,
        "top1_recall": 0.004020108901836507,
        "top1_f1": 0.0002803763850632262,
        "maj_acc": 0.0,
        "maj_recall": 0.0,
        "maj_f1": 0.0
    }
}