{
    "splits": [
        0,
        1,
        2,
        3,
        4,
        5,
        6,
        7,
        8,
        9
    ],
    "test_metrics": {
        "top1_acc": 0.7835491606714629,
        "top1_recall": 0.7680052870862679,
        "top1_f1": 0.7837209199591536,
        "maj_acc": 0.0,
        "maj_recall": 0.0,
        "maj_f1": 0.0
    },
    "test_metrics_std": {
        "top1_acc": 0.009529892743719686,
        "top1_recall": 0.012600139278544264,
        "top1_f1": 0.009629910922612336,
        "maj_acc": 0.0,
        "maj_recall": 0.0,
        "maj_f1": 0.0
    }
}