{
    "splits": [
        0,
        1,
        2,
        3,
        4,
        5,
        6,
        7,
        8,
        9
    ],
    "test_metrics": {
        "top1_acc": 0.939568345323741,
        "top1_recall": 0.9223281512255734,
        "top1_f1": 0.9393206493861868,
        "maj_acc": 0.0,
        "maj_recall": 0.0,
        "maj_f1": 0.0
    },
    "test_metrics_std": {
        "top1_acc": 0.004539917339548864,
        "top1_recall": 0.006857841648452607,
        "top1_f1": 0.004604156814850708,
        "maj_acc": 0.0,
        "maj_recall": 0.0,
        "maj_f1": 0.0
    }
}