{
    "splits": [
        0,
        1,
        2,
        3,
        4,
        5,
        6,
        7,
        8,
        9
    ],
    "test_metrics": {
        "top1_acc": 0.7571223021582734,
        "top1_recall": 0.5975002509940722,
        "top1_f1": 0.7460755063839278,
        "maj_acc": 0.0,
        "maj_recall": 0.0,
        "maj_f1": 0.0
    },
    "test_metrics_std": {
        "top1_acc": 0.0061764450962130514,
        "top1_recall": 0.008019243273630778,
        "top1_f1": 0.006470012089903816,
        "maj_acc": 0.0,
        "maj_recall": 0.0,
        "maj_f1": 0.0
    }
}