{
    "splits": [
        0,
        0,
        1,
        1,
        2,
        2,
        3,
        3,
        4,
        4
    ],
    "test_metrics": {
        "top1_acc": 0.9848394324122479,
        "top1_recall": 0.9868231549316556,
        "top1_f1": 0.9848390763446504,
        "maj_acc": 0.0,
        "maj_recall": 0.0,
        "maj_f1": 0.0
    },
    "test_metrics_std": {
        "top1_acc": 0.0014767527956150584,
        "top1_recall": 0.0014433674020020635,
        "top1_f1": 0.001472238427782962,
        "maj_acc": 0.0,
        "maj_recall": 0.0,
        "maj_f1": 0.0
    }
}