{
    "splits": [
        0,
        0,
        1,
        1,
        2,
        2,
        3,
        3,
        4,
        4
    ],
    "test_metrics": {
        "top1_acc": 0.8249298846992831,
        "top1_recall": 0.784408900373731,
        "top1_f1": 0.8252294402082516,
        "maj_acc": 0.0,
        "maj_recall": 0.0,
        "maj_f1": 0.0
    },
    "test_metrics_std": {
        "top1_acc": 0.0035586537196648847,
        "top1_recall": 0.005340205536674215,
        "top1_f1": 0.003535223352463064,
        "maj_acc": 0.0,
        "maj_recall": 0.0,
        "maj_f1": 0.0
    }
}