{
    "splits": [
        0,
        0,
        1,
        1,
        2,
        2,
        3,
        3,
        4,
        4
    ],
    "test_metrics": {
        "top1_acc": 0.780722891566265,
        "top1_recall": 0.767,
        "top1_f1": 0.7295737170483962,
        "maj_acc": 0.0,
        "maj_recall": 0.0,
        "maj_f1": 0.0
    },
    "test_metrics_std": {
        "top1_acc": 0.021417335945338754,
        "top1_recall": 0.022874051285730338,
        "top1_f1": 0.03342801553919658,
        "maj_acc": 0.0,
        "maj_recall": 0.0,
        "maj_f1": 0.0
    }
}