{
    "splits": [
        0,
        0,
        1,
        1,
        2,
        2,
        3,
        3,
        4,
        4
    ],
    "test_metrics": {
        "top1_acc": 0.9873333333333333,
        "top1_recall": 0.9873333333333333,
        "top1_f1": 0.9873626545008023,
        "maj_acc": 0.0,
        "maj_recall": 0.0,
        "maj_f1": 0.0
    },
    "test_metrics_std": {
        "top1_acc": 0.0019999999999999792,
        "top1_recall": 0.002000000000000013,
        "top1_f1": 0.001990151450604388,
        "maj_acc": 0.0,
        "maj_recall": 0.0,
        "maj_f1": 0.0
    }
}