{
    "splits": [
        0,
        0,
        1,
        1,
        2,
        2,
        3,
        3,
        4,
        4
    ],
    "test_metrics": {
        "top1_acc": 0.8529598308668076,
        "top1_recall": 0.7384764595322088,
        "top1_f1": 0.8549132316103109,
        "maj_acc": 0.0,
        "maj_recall": 0.0,
        "maj_f1": 0.0
    },
    "test_metrics_std": {
        "top1_acc": 0.009400904726983735,
        "top1_recall": 0.022299285483660936,
        "top1_f1": 0.009240134788818374,
        "maj_acc": 0.0,
        "maj_recall": 0.0,
        "maj_f1": 0.0
    }
}