{
    "splits": [
        0,
        1,
        2,
        3,
        4,
        5,
        6,
        7,
        8,
        9
    ],
    "test_metrics": {
        "top1_acc": 0.7619633,
        "top1_recall": 0.5973315064702246,
        "top1_f1": 0.7606122973415483,
        "maj_acc": 0.7788372000000001,
        "maj_recall": 0.6109808623709487,
        "maj_f1": 0.7759453538852408
    },
    "test_metrics_std": {
        "top1_acc": 0.0008534097550414874,
        "top1_recall": 0.0009327353862141504,
        "top1_f1": 0.0007205545412832708,
        "maj_acc": 0.00023655308072395543,
        "maj_recall": 0.0010276808944412843,
        "maj_f1": 0.00024602207840202173
    }
}