{
    "splits": [
        0,
        1,
        2,
        3,
        4,
        5,
        6,
        7,
        8,
        9
    ],
    "test_metrics": {
        "top1_acc": 0.9095348000000001,
        "top1_recall": 0.8417582028990898,
        "top1_f1": 0.909611974595799,
        "maj_acc": 0.9096857999999999,
        "maj_recall": 0.8418207158757122,
        "maj_f1": 0.9097512698742944
    },
    "test_metrics_std": {
        "top1_acc": 0.0003365043238949498,
        "top1_recall": 0.001779522242385984,
        "top1_f1": 0.0003644219459474738,
        "maj_acc": 0.0003485070444051473,
        "maj_recall": 0.0017911627221654349,
        "maj_f1": 0.0003739966371340891
    }
}