{
    "splits": [
        0,
        1,
        2,
        3,
        4,
        5,
        6,
        7,
        8,
        9
    ],
    "test_metrics": {
        "top1_acc": 0.9038369304556355,
        "top1_recall": 0.8779287259834134,
        "top1_f1": 0.9033480401595619,
        "maj_acc": 0.9072422062350121,
        "maj_recall": 0.8803176896442478,
        "maj_f1": 0.906600564522479
    },
    "test_metrics_std": {
        "top1_acc": 0.006527893327969399,
        "top1_recall": 0.009432263674195702,
        "top1_f1": 0.006331185448140073,
        "maj_acc": 0.005847386342111527,
        "maj_recall": 0.009121092188317846,
        "maj_f1": 0.005953964191099477
    }
}