{
    "splits": [
        0,
        1,
        2,
        3,
        4,
        5,
        6,
        7,
        8,
        9
    ],
    "test_metrics": {
        "top1_acc": 0.7090647482014388,
        "top1_recall": 0.606097556088715,
        "top1_f1": 0.7082868058829005,
        "maj_acc": 0.723453237410072,
        "maj_recall": 0.6209838678501616,
        "maj_f1": 0.7218140475864695
    },
    "test_metrics_std": {
        "top1_acc": 0.009367141000083408,
        "top1_recall": 0.01656555594144272,
        "top1_f1": 0.009036840295260785,
        "maj_acc": 0.008480397546398219,
        "maj_recall": 0.017924926234750237,
        "maj_f1": 0.008882782890252267
    }
}