{
    "splits": [
        0,
        1,
        2,
        3,
        4,
        5,
        6,
        7,
        8,
        9
    ],
    "test_metrics": {
        "top1_acc": 0.7300719424460432,
        "top1_recall": 0.7229471389951512,
        "top1_f1": 0.7298809292565237,
        "maj_acc": 0.7495923261390887,
        "maj_recall": 0.7324558193082912,
        "maj_f1": 0.7490487940258341
    },
    "test_metrics_std": {
        "top1_acc": 0.012936844197403744,
        "top1_recall": 0.016755306073472673,
        "top1_f1": 0.012978546716303642,
        "maj_acc": 0.008968824940047956,
        "maj_recall": 0.012601139845427,
        "maj_f1": 0.00903273049055144
    }
}