{
    "splits": [
        0,
        0,
        1,
        1,
        2,
        2,
        3,
        3,
        4,
        4
    ],
    "test_metrics": {
        "top1_acc": 0.799719538797133,
        "top1_recall": 0.7575464882308448,
        "top1_f1": 0.7993338733949228,
        "maj_acc": 0.7998441882206294,
        "maj_recall": 0.7576677003520569,
        "maj_f1": 0.7994540711478304
    },
    "test_metrics_std": {
        "top1_acc": 0.003254340789168634,
        "top1_recall": 0.00594581371776671,
        "top1_f1": 0.0035234596657272082,
        "maj_acc": 0.003417361187598692,
        "maj_recall": 0.006151648251730783,
        "maj_f1": 0.003688868505242246
    }
}