{
    "splits": [
        0,
        0,
        1,
        1,
        2,
        2,
        3,
        3,
        4,
        4
    ],
    "test_metrics": {
        "top1_acc": 0.9563106796116505,
        "top1_recall": 0.9569696136578021,
        "top1_f1": 0.9562894456786573,
        "maj_acc": 0.9563106796116505,
        "maj_recall": 0.9569696136578021,
        "maj_f1": 0.9562894456786573
    },
    "test_metrics_std": {
        "top1_acc": 0.002227996100101002,
        "top1_recall": 0.002869438640213662,
        "top1_f1": 0.0022220569827314713,
        "maj_acc": 0.002227996100101002,
        "maj_recall": 0.002869438640213662,
        "maj_f1": 0.0022220569827314713
    }
}