{
    "splits": [
        0,
        0,
        1,
        1,
        2,
        2,
        3,
        3,
        4,
        4
    ],
    "test_metrics": {
        "top1_acc": 0.9786666666666666,
        "top1_recall": 0.9786666666666667,
        "top1_f1": 0.9787475732506342,
        "maj_acc": 0.9786666666666666,
        "maj_recall": 0.9786666666666667,
        "maj_f1": 0.9787475732506342
    },
    "test_metrics_std": {
        "top1_acc": 0.004988876515698573,
        "top1_recall": 0.004988876515698585,
        "top1_f1": 0.0049550210282667635,
        "maj_acc": 0.004988876515698573,
        "maj_recall": 0.004988876515698585,
        "maj_f1": 0.0049550210282667635
    }
}