{
    "splits": [
        0,
        0,
        1,
        1,
        2,
        2,
        3,
        3,
        4,
        4
    ],
    "test_metrics": {
        "top1_acc": 0.727710843373494,
        "top1_recall": 0.7162222222222223,
        "top1_f1": 0.6902697086848668,
        "maj_acc": 0.727710843373494,
        "maj_recall": 0.7162222222222223,
        "maj_f1": 0.6902697086848668
    },
    "test_metrics_std": {
        "top1_acc": 0.016342963814759682,
        "top1_recall": 0.017827707662339164,
        "top1_f1": 0.02290841899682894,
        "maj_acc": 0.016342963814759682,
        "maj_recall": 0.017827707662339164,
        "maj_f1": 0.02290841899682894
    }
}