{
    "splits": [
        0,
        0,
        1,
        1,
        2,
        2,
        3,
        3,
        4,
        4
    ],
    "test_metrics": {
        "top1_acc": 0.8393234672304439,
        "top1_recall": 0.7251603043878306,
        "top1_f1": 0.8385944604256002,
        "maj_acc": 0.8386892177589852,
        "maj_recall": 0.7242166342368433,
        "maj_f1": 0.8378581795911749
    },
    "test_metrics_std": {
        "top1_acc": 0.00756386630866737,
        "top1_recall": 0.018247447883631956,
        "top1_f1": 0.008003365438784235,
        "maj_acc": 0.007983597289006017,
        "maj_recall": 0.018127396816063523,
        "maj_f1": 0.008106392597530026
    }
}